Stream,ID,Date,Site_Name,Site_#,Pool_Riffle,MaxDepth-DO1,MaxDepth-DO2,MaxDepth-DO3,Cobble,Light_T_s,Light_Do_s,Light_Temp_s,Light_mmBar_s,Light_T_e,Light_DO_e,Light_Temp_e,Light_mmBar_e,Dark_T_s,Dark_Do_s,Dark_Temp_s,Dark_mmBar_s,Dark_T_e,Dark_DO_e,Dark_Temp_e,Dark_mmBar_e,Rock Volumes (cubic cm),Volume ml,Volume L,Notes,Surface Area(cm2),NEP,R,GPP,GPPcorrected,GPP/Area
Elder,,4/28/18,TV_Pool,18.1,R,n/a (did not measure),n/a,n/a,6,13:03,10.67,9.8,964,14:56,10.81,10.3,963.8,15:03,10.68,10.1,963.6,17:00,10.55,10.1,963.3,75,75,0.075,lost some cyanos,40.814,,,,,
Elder,,4/28/18,TV_Pool,18.1,R,n/a,n/a,n/a,8,13:05,10.65,9.8,964,14:58,11.2,10.2,963.7,15:04,10.63,10.1,963.6,17:02,10.55,10.1,963.3,160,160,0.16,midges present,39.49,,,,,
Elder,,4/28/18,TV_Pool,18.1,P,n/a,n/a,n/a,11,13:10,10.65,9.8,964,14:59,11.22,10.1,963.6,15:06,10.64,10,963.6,17:02,10.53,10.1,963.2,135,135,0.135,small limpet present on cobble for light experiment,52.837,,,,,
Elder,,4/28/18,TV_Pool,18.1,P,n/a,n/a,n/a,12,13:12,10.65,9.8,964,15:00,11.32,10.2,963.6,15:08,10.64,10,963.4,17:03,10.51,10.1,963.2,160,160,0.16,,56.184,,,,,
Elder,,4/28/18,Oak_Terrace,18.2,R,n/a,n/a,n/a,4,12:26,10.62,9.8,964.7,14:20,10.26,10.3,964.7,14:35,10.51,10,964.6,16:35,10.3,10.6,964.1,95,95,0.095,,51.265,,,,,
Elder,,4/28/18,Oak_Terrace,18.2,R,n/a,n/a,n/a,9,12:27,10.63,9.8,964.8,14:24,11.26,10.2,964.6,14:31,10.54,10.1,964.6,16:37,10.32,10.4,964.1,245,245,0.245,,48.351,,,,,
Elder,,4/28/18,Oak_Terrace,18.2,P,n/a ,n/a,n/a,10,12:28,10.62,9.8,964.8,14:26,11.34,10.2,964.6,14:32,10.58,10,964.6,16:38,10.33,10.3,964.1,65,65,0.065,,56.035,,,,,
Elder,,4/28/18,Oak_Terrace,18.2,P,n/a,n/a,n/a,13,12:29,10.62,9.8,964.8,14:27,11.55,10.2,964.6,14:33,10.46,10.1,964.6,16:40,10:15,10.2,964.1,205,205,0.205,,66.885,,,,,
Elder,,4/28/18,Brandywine,18.3,R,n/a,n/a,n/a,2,12:06,10.61,9.8,965.4,14:02,11.37,10,965.3,14.07,10.64,10,965.3,16:09,10.36,10.4,964.8,225,225,0.225,,63.651,,,,,
Elder,,4/28/18,Brandywine,18.3,R,n/a,n/a,n/a,5,12:01,10.61,9.8,965.4,13:59,10.83,10.1,965.3,14:03,10.72,10,965.3,16:10,10.49,10.2,964.7,230,230,0.23,,82.219,,,,,
Elder,,4/28/18,Brandywine,18.3,P,n/a,n/a,n/a,14,12:02,10.6,9.8,965.4,14:00,11,10,965.3,14.04,10.62,10,965.3,16:11,10.51,10.1,964.7,125,125,0.125,,50.414,,,,,
Elder,,4/28/18,Brandywine,18.3,P,n/a,n/a,n/a,15,12:03,10.6,9.8,965.4,14:00,10.97,10,965.3,14.06,10.64,10,965.3,16:12,10.53,10.1,964.7,245,245,0.245,,55.122,,,,,
Elder,,4/28/18,Rock_Rose,18.4,R,n/a,n/a,n/a,1,check google sheet,,,,13:40,10.76,10.2,965.8,13:48,10.66,10,965.7,15:54,10.44,10.3,965.1,350,350,0.35,,36.59,,,,,
Elder,,4/28/18,Rock_Rose,18.4,R,n/a,n/a,n/a,3,,,,,13:42,10.75,10.1,965.7,13:49,10.63,10,965.7,15:55,10.53,10.2,965.1,140,140,0.14,,29.081,,,,,
Elder,,4/28/18,Rock_Rose,18.4,P,n/a,n/a,n/a,7,,,,,13:42,11.2,10.1,965.8,13:49,10.55,10,965.7,15:57,10.37,10.2,965.1,165,165,0.165,,56.889,,,,,
Elder,,4/28/18,Rock_Rose,18.4,P,n/a,n/a,n/a,16,,,,,13:43,11.53,10.1,965.7,13:50,10.58,10,965.7,15:58,10.27,10.1,965.1,245,245,0.245,,57.533,,,,,
Porter,,5/1/18,Frog_Legs,18.1,R,10.44,10.44,10.45,1,10:21,10.03,11.7,1004.7,12:04,10.84,14.4,1003.7,12:11,10.54,13.3,1003.6,13:55,10.29,14.3,1002.2,125,125,0.125,,18.125,,,,,
Porter,,5/1/18,Frog_Legs,18.1,R,10.44,10.44,10.45,5,10:22,10.56,11.6,1004.9,12:05,11.38,13.4,1003.6,12:13,10.64,13,1003.5,13:56,10.32,14.2,1002.2,160,160,0.16,,26.9,,,,,
Porter,,5/1/18,Frog_Legs,18.1,P,10.44,10.44,10.45,7,10:23,10.62,11.6,1004.8,12:06,11.3,13.2,1003.6,12:14,10.64,13,1003.6,13:54,10.25,15,1002.1,165,165,0.165,,34.793,,,,,
Porter,,5/1/18,Frog_Legs,18.1,P,10.44,10.44,10.45,11,10:24,10.63,11.6,1004.8,12:07,11.05,13.1,1003.6,12:16,10.64,13,1003.6,13:57,10.41,14.2,1002.2,190,190,0.19,,35.558,,,,,
Porter,,5/1/18,Jesus_Toast,18.2,R,10.09,10.1,10.11,8,10:50,10.4,12.4,1005,12:29,11.5,13.9,1003.9,12:37,10.37,13.5,1003.7,14:16,9.62,15.8,1002.4,250,250,0.25,,49.865,,,,,
Porter,,5/1/18,Jesus_Toast,18.2,R,10.09,10.1,10.11,9,10:51,10.47,11.9,1005,12:31,11.27,13.5,1003.8,12:38,10.41,13.3,1003.6,14:18,10.07,15,1002.5,215,215,0.215,lost a couple drops of algae water,41.534,,,,,
Porter,,5/1/18,Jesus_Toast,18.2,P,10.09,10.1,10.11,15,10:52,10.47,11.8,1004.9,12:32,11.57,13.5,1003.8,12:39,10.42,13.3,1003.6,14:19,10.08,15,1002.4,175,175,0.175,,30.412,,,,,
Porter,,5/1/18,Jesus_Toast,18.2,P,10.09,10.1,10.11,16,10:52,10.5,11.7,1004.9,12:34,11.06,13.5,1003.7,12:39,10.42,13.3,1003.6,14:20,10.2,14.7,1002.4,125,125,0.125,,54.595,,,,,
Porter,,5/1/18,Golf_Ball,18.3,R,10.01,10.02,10.02,4,11:19,10.56,12.6,1005.1,12:51,11.39,14.4,1003.8,12:59,10.39,13.7,1003.7,14:38,9.97,14.9,1002.7,160,160,0.16,,40.693,,,,,
Porter,,5/1/18,Golf_Ball,18.3,R,10.01,10.02,10.02,6,11:22,10.53,12.6,1005,12:52,12.02,14,1003.8,12:59,10.38,13.6,1003.6,14:41,9.99,14.8,1002.7,255,255,0.255,,37.978,,,,,
Porter,,5/1/18,Golf_Ball,18.3,P,10.01,10.02,10.02,13,11:17,10.51,12.7,1005.1,12:53,10.65,13.9,1003.8,13:00,10.36,13.6,1003.6,14:41,10.23,14.7,1002.7,55,55,0.055,,28.205,,,,,
Porter,,5/1/18,Golf_Ball,18.3,P,10.01,10.02,10.02,14,11:20,10.54,12.6,1005,12:53,11.12,13.7,1003.7,13:01,10.38,13.6,1003.6,14:43,10.19,14.6,1002.7,165,165,0.165,,26.136,,,,,
Porter,,5/1/18,Waterfall,18.4,R,9.85,9.91,9.93,2,11:40,10.23,13.6,1005.2,13:16,11.16,14.8,1003.5,13:27,10.27,14.6,1003.4,15:05,9.86,16.1,1002.9,110,110,0.11,"dropped brush in water, lost some algae",36.922,,,,,
Porter,,5/1/18,Waterfall,18.4,R,9.85,9.91,9.93,3,11:41,10.33,13.3,1005.2,13:20,12.38,14.7,1003.5,13:28,10.19,14.6,1003.4,15:06,9.98,15.6,1002.9,210,210,0.21,,49.924,,,,,
Porter,,5/1/18,Waterfall,18.4,P,9.85,9.91,9.93,10,11:42,10.36,13.1,1005.1,13:22,11.06,14.8,1003.3,13:30,10.16,14.5,1003.4,15:07,9.98,15.4,1002.9,250,250,0.25,,46.507,,,,,
Porter,,5/1/18,Waterfall,18.4,P,9.85,9.91,9.93,12,11:45,10.38,13.1,1005,13:24,12.05,14.8,1003.3,13:30,10.18,14.5,1003.4,15:08,9.94,15.2,1002.9,165,165,0.165,"filamentous algae present, scraped majority into tube",28.478,,,,,
Porter,,5/18/18,Frog_Legs,18.1,R,10.14,10.14,10.27,6,10:26,10.29,13.5,1007.6,11:01,10.43,14.3,1007.2,11:08,10.32,14.2,1007.2,11:49,9.98,15.3,1007,90,90,0.09,cladophora present during light experiement but were removed before dark experiment,36.617,,,,,
Porter,,5/18/18,Frog_Legs,18.1,R,10.14,10.14,10.27,11,10:27,10.26,13.6,1007.6,11:04,10.37,14.2,1007.1,11:09,10.33,14.2,1007.1,11:51,10.1,15,1007,110,110,0.11,cladophora present during light experiement but were removed before dark experiment,39.371,,,,,
Porter,,5/18/18,Frog_Legs,18.1,P,10.14,10.14,10.27,12,10:28,10.27,13.6,1007.6,11:05,10.75,14.1,1007.2,11:10,10.33,14.2,1007.2,11:52,10.08,14.9,1007,220,220,0.22,cladophora present during light experiement but were removed before dark experiment,73.789,,,,,
Porter,,5/18/18,Frog_Legs,18.1,P,10.14,10.14,10.27,14,10:28,10.26,13.5,1007.6,11:06,10.48,14,1007.2,11:11,10.33,14.2,1007.2,11:53,10.17,14.9,1007,150,150,0.15,,54.02,,,,,
Porter,,5/18/18,Jesus_Toast,18.2,R,9.89,9.93,9.95,2,12:41,9.99,15.2,1006.7,13:05,10.51,15.5,1006.6,13:11,10,15.5,1006.4,13:41,9.45,17.2,1006.2,95,95,0.095,cladophora present during light experiement but were removed before dark experiment,51.4,,,,,
Porter,,5/18/18,Jesus_Toast,18.2,R,9.89,9.93,9.95,3,12:42,9.98,15.1,1006.8,13:07,10.49,15.5,1006.4,13:11,10,15.5,1006.3,13:44,9.75,16.6,1006.2,170,170,0.17,cladophora present during light experiement but were removed before dark experiment; a few drops spilled,60.629,,,,,
Porter,,5/18/18,Jesus_Toast,18.2,P,9.89,9.93,9.95,13,12:46,10.01,15,1006.6,13:08,10.27,15.4,1006.5,13:12,9.99,15.5,1006.3,13:45,9.72,16.4,1006.2,90,90,0.09,,46.329,,,,,
Porter,,5/18/18,Jesus_Toast,18.2,P,9.89,9.93,9.95,16,12:47,10.02,15,1006.6,13:09,10.18,15.5,1006.5,13:13,9.95,15.6,1006.3,13:46,9.79,16.3,1006.1,160,160,0.16,a few drops spilled,47.429,,,,,
Porter,,5/18/18,Golf_Ball,18.3,R,9.61,9.66,9.67,4,14:06,9.75,16.9,1006.3,14:46,10.05,17.3,1006.2,14:52,9.78,16.8,1006.2,15:32,9.56,17.4,1005.9,60,60,0.06,,49.209,,,,,
Porter,,5/18/18,Golf_Ball,18.3,R,9.61,9.66,9.67,7,14:07,9.85,16.6,1006.2,14:48,10.53,17.1,1006.1,14:54,9.81,16.7,1006.2,15:35,9.63,17.1,1005.9,140,140,0.14,,53.858,,,,,
Porter,,5/18/18,Golf_Ball,18.3,P,9.61,9.66,9.67,10,14:08,9.88,16.5,1006.2,14:49,10.17,16.9,1006.2,14:59,9.79,16.7,1006.2,15:36,9.71,17,1005.9,90,90,0.09,,47.351,,,,,
Porter,,5/18/18,Golf_Ball,18.3,P,9.61,9.66,9.67,15,14:09,9.89,16.4,1006.2,14:50,10.5,16.9,1006.2,14:56,9.78,16.7,1006.2,15:37,9.66,17,1005.9,160,160,0.16,,45.798,,,,,
Porter,,5/18/18,Waterfall,18.4,R,9.46,9.56,9.53,1,14:34,9.64,17.7,1006.6,15:11,9.88,18.3,1006.5,15:18,9.62,17.9,1006.3,15:56,9.35,18.4,1006.2,120,120,0.12,,55.602,,,,,
Porter,,5/18/18,Waterfall,18.4,R,9.46,9.56,9.53,5,14:32,9.62,17.8,1006.5,15:14,10.21,18.2,1006.4,15:19,9.6,17.8,1006.3,15:57,9.43,18.1,1006.1,140,140,0.14,,68.936,,,,,
Porter,,5/18/18,Waterfall,18.4,P,9.46,9.56,9.53,8,14:33,9.61,17.8,1006.6,15:15,10,18.1,1006.4,15:20,9.59,17.8,1006.3,15:59,9.43,18,1006.1,145,145,0.145,,56.095,,,,,
Porter,,5/18/18,Waterfall,18.4,P,9.46,9.56,9.53,9,14:33,9.63,17.8,1006.6,15:16,9.75,18.2,1006.4,15:20,9.58,17.8,1006.3,16:00,9.48,18,1006.1,35,35,0.035,,39.568,,,,,
Elder,,5/20/18,TV_Pool,18.1,R,10,10.02,10.02,2,14:17,10.02,12.9,961,15:17,10.71,13.5,960.7,15:23,10.01,12.9,960.8,16:30,9.72,13.1,960.7,265,265,0.265,,74.938,,,,,
Elder,,5/20/18,TV_Pool,18.1,R,10,10.02,10.02,3,14:15,9.99,13,960.9,15:20,10.29,13.2,960.7,15:23,10.02,12.8,960.8,16:32,9.92,12.9,960.8,130,130,0.13,found Gumaga on rock,59.577,,,,,
Elder,,5/20/18,TV_Pool,18.1,P,10,10.02,10.02,4,14:16,10.02,12.9,960.9,15:21,10.2,13.1,960.7,15:24,10.01,12.8,960.8,16:32,9.96,12.8,960.8,115,115,0.115,,56.256,,,,,
Elder,,5/20/18,TV_Pool,18.1,P,10,10.02,10.02,5,14:16,10.04,12.9,960.9,15:22,10.23,13.1,960.8,15:24,10.01,12.8,960.8,16:33,9.97,12.8,960.8,130,130,0.13,,58.68,,,,,
Elder,,5/20/18,Oak_Terrace,18.2,R,10.17,10.17,10.17,6,11:33,10.29,11.6,962,12:33,10.6,12.4,962.1,12:42,10.35,11.9,962.1,13:39,10.16,12.7,961.9,180,180,0.18,,53.59,,,,,
Elder,,5/20/18,Oak_Terrace,18.2,R,10.17,10.17,10.17,7,11:34,10.33,11.5,962.1,12:36,10.79,12.1,962.1,12:40,10.33,11.9,962.1,13:41,10.2,12.5,962,125,125,0.125,,58.269,,,,,
Elder,,5/20/18,Oak_Terrace,18.2,P,10.17,10.17,10.17,8,11:35,10.34,11.4,962.1,12:36,11.13,12,962.1,12:41,10.36,12,962.1,13:42,10.16,12.5,962,180,180,0.18,,57.418,,,,,
Elder,,5/20/18,Oak_Terrace,18.2,P,10.17,10.17,10.17,11,11:35,10.34,11.4,962.1,12:37,10.7,12,962.1,12:41,10.35,11.9,962.1,14:43,10.21,12.5,961.9,175,175,0.175,a little algae water spilled,66.016,,,,,
Elder,,5/20/18,Brandywine,18.3,R,10.12,10.16,10.18,10,11:11,10.17,12,962.6,12:14,10.56,12.5,962.5,12:20,10.38,12,962.6,13:20,10.07,12.7,962.5,225,225,0.225,,63.345,,,,,
Elder,,5/20/18,Brandywine,18.3,R,10.12,10.16,10.18,14,11:12,10.27,11.7,962.6,12:16,10.93,12.1,962.6,12:22,10.34,12,962.6,13:22,10.16,12.6,962.5,205,205,0.205,,65.742,,,,,
Elder,,5/20/18,Brandywine,18.3,P,10.12,10.16,10.18,15,11:12,10.29,11.6,962.6,12:17,10.77,12.1,962.6,12:21,10.33,12,962.6,13:23,10.21,12.5,962.5,255,255,0.255,,68.594,,,,,
Elder,,5/20/18,Brandywine,18.3,P,10.12,10.16,10.18,16,11:14,10.33,11.5,962.5,12:18,11.07,12,962.6,12:22,10.33,12,962.6,13:23,10.21,12.5,962.5,145,145,0.145,,46.522,,,,,
Elder,,5/20/18,Rock_Rose,18.4,R,10.2,10.2,10.2,1,10:52,10.26,11.4,963.1,11:52,10.4,12.3,963,11:59,10.3,12,963,13:01,10.04,12.6,962.9,105,105,0.105,,61.6,,,,,
Elder,,5/20/18,Rock_Rose,18.4,R,10.2,10.2,10.2,9,10:53,10.28,11.4,963.1,11:55,10.46,12,963,12:00,10.28,12,963,13:03,10.11,12.3,963,165,165,0.165,,45.946,,,,,
Elder,,5/20/18,Rock_Rose,18.4,P,10.2,10.2,10.2,12,10:53,10.29,11.4,963.1,11:56,10.58,11.9,962.9,12:02,10.28,12,963.1,13:04,10.16,12.3,963,110,110,0.11,,32.004,,,,,
Elder,,5/20/18,Rock_Rose,18.4,P,10.2,10.2,10.2,13,10:54,10.28,11.4,963,11:57,10.51,11.9,963,12:04,10.28,12,963.1,13:05,10.16,12.3,963,190,190,0.19,,48.771,,,,,
Elder,,6/11/18,TV_Pool,18.1,R,10.93,10.96,10.97,3,14:21,10.68,14.7,962,15:22,11.12,14.8,961.6,15:32,10.76,14.4,961.6,16:32,10.66,14.4,961.2,140,140,0.14,,51.388,,,,,
Elder,,6/11/18,TV_Pool,18.1,R,10.93,10.96,10.97,9,14:22,10.82,14.4,962.1,15:25,11.12,14.7,961.7,15:34,10.89,14.1,961.7,16:34,10.78,14.2,961.2,140,140,0.14,a little algae water spilled,54.524,,,,,
Elder,,6/11/18,TV_Pool,18.1,P,10.93,10.96,10.97,14,14:22,10.88,14.2,962,15:26,11.36,14.7,961.7,15:35,10.9,14,961.7,16:35,10.74,14.1,961.2,280,280,0.28,possible Rheotanytarsus,57.758,,,,,
Elder,,6/11/18,TV_Pool,18.1,P,10.93,10.96,10.97,16,14:23,10.93,14.1,962,15:28,11.45,14.6,961.7,15:36,10.9,14,961.7,16:36,10.77,14.2,961.2,225,225,0.225,,62.464,,,,,
Elder,,6/11/18,Oak_Terrace,18.2,R,11.16,11.26,11.32,6,11:00,11.41,11.7,963.7,12:04,12.03,12.3,963.2,12:15,11.45,12.3,963.3,13:14,11.07,13.4,962.9,315,315,0.315,,84.989,,,,,
Elder,,6/11/18,Oak_Terrace,18.2,R,11.16,11.26,11.32,10,11:00,11.52,11.2,963.7,12:07,11.85,12.1,963.2,12:15,11.52,12.1,963.2,13:14,11.27,13.1,962.8,110,110,0.11,,55.844,,,,,
Elder,,6/11/18,Oak_Terrace,18.2,P,11.16,11.26,11.32,12,11:04,11.58,11.1,963.8,12:08,12.39,12.1,963.2,12:16,11.54,12.1,963.3,13:15,11.13,13,962.9,260,260,0.26,,62.615,,,,,
Elder,,6/11/18,Oak_Terrace,18.2,P,11.16,11.26,11.32,15,11:02,11.56,11.2,963.7,12:10,12.09,12.1,963.2,12:17,11.53,12.1,963.2,13:17,11.3,13,962.8,270,270,0.27,,59.373,,,,,
Elder,,6/11/18,Brandywine,18.3,R,11.2,11.22,11.23,1,10:30,11.33,12.1,964.3,11:36,11.76,12,963.9,11:49,11.31,12.3,963.8,12:53,11.17,13,963.3,130,130,0.13,,38.438,,,,,
Elder,,6/11/18,Brandywine,18.3,R,11.2,11.22,11.23,4,10:38,11.52,11.3,964.3,11:38,11.91,12,963.9,11:50,11.38,12,963.8,12:55,11.17,12.8,963.3,190,190,0.19,,64.31,,,,,
Elder,,6/11/18,Brandywine,18.3,P,11.2,11.22,11.23,5,10:37,11.48,11.4,964.3,11:38,12.09,12.1,963.9,11:52,11.41,12,963.7,12:54,11.19,12.8,963.3,255,255,0.255,,66.719,,,,,
Elder,,6/11/18,Brandywine,18.3,P,11.2,11.22,11.23,8,10:36,11.44,11.5,964.3,11:39,11.58,12.1,963.9,11:53,11.44,11.9,963.8,12:56,11.35,12.7,963.3,105,105,0.105,,49.34,,,,,
Elder,,6/11/18,Rock_Rose,18.4,R,11.25,11.28,11.29,2,10:08,11.34,11.2,964.8,11:20,11.67,11.7,964.5,11:26,11.34,12.3,964.4,12:38,11.16,13.3,964,130,130,0.13,,65.901,,,,,
Elder,,6/11/18,Rock_Rose,18.4,R,11.25,11.28,11.29,7,10:09,11.41,11,964.7,11:17,11.5,12.2,964.4,11:26,11.43,11.8,964.4,12:39,11.28,12.9,964,70,70,0.07,,45.917,,,,,
Elder,,6/11/18,Rock_Rose,18.4,P,11.25,11.28,11.29,11,10:09,11.45,11,964.8,11:20,11.68,11.7,964.5,11:27,11.45,11.7,964.4,12:40,11.24,12.9,963.9,175,175,0.175,,46.125,,,,,
Elder,,6/11/18,Rock_Rose,18.4,P,11.25,11.28,11.29,13,10:10,11.48,10.9,964.8,11:18,11.98,11.8,964.4,11:28,11.46,11.7,964.4,12:41,11.18,12.9,963.9,225,225,0.225,,53.935,,,,,
Porter,,6/13/18,Frog_Legs,18.1,R,10.03,10.44,10.34,1,10:22,10.01,16.8,1001.7,11:01,10.22,17.6,1001.6,11:09,10.19,17.7,1001.6,11:45,10,18.5,1001.5,120,120,0.12,,46.459,,,,,
Porter,,6/13/18,Frog_Legs,18.1,R,10.03,10.44,10.34,5,10:22,10.01,16.8,1001.7,11:04,10.36,17.6,1001.5,11:10,10.21,17.5,1001.6,11:48,10.09,18.2,1001.5,100,100,0.1,,57.336,,,,,
Porter,,6/13/18,Frog_Legs,18.1,P,10.03,10.44,10.34,7,10:23,10.03,16.8,1001.7,11:05,10.15,17.5,1001.5,11:11,10.23,17.5,1001.6,11:48,10.15,18.2,1001.5,160,160,0.16,,59.391,,,,,
Porter,,6/13/18,Frog_Legs,18.1,P,10.03,10.44,10.34,8,10:24,10.06,16.8,1001.7,11:06,10.25,17.5,1001.5,11:11,10.23,17.5,1001.6,11:49,10.07,18.1,1001.5,140,140,0.14,,43.848,,,,,
Porter,,6/13/18,Jesus_Toast,18.2,R,10.27,10.32,10.25,9,10:47,10.02,17.4,1002,11:22,11.2,18.2,1001.9,11:32,10.21,18.1,1001.9,12:05,9.88,18.7,1001.8,250,250,0.25,lots of cladophora; lost a few drops of algae water,66.855,,,,,
Porter,,6/13/18,Jesus_Toast,18.2,R,10.27,10.32,10.25,13,10:47,10.01,17.4,1001.9,11:23,10.62,17.9,1001.9,11:34,10.21,17.9,1001.9,12:07,10.21,18.5,1001.8,140,140,0.14,lost a few drops of algae water,56.297,,,,,
Porter,,6/13/18,Jesus_Toast,18.2,P,10.27,10.32,10.25,15,10:48,10.05,17.4,1002,11:26,10.82,18,1001.9,11:35,10.23,17.9,1001.9,12:08,10.04,18.4,1001.8,120,120,0.12,,40.627,,,,,
Porter,,6/13/18,Jesus_Toast,18.2,P,10.27,10.32,10.25,16,10:48,10.05,17.3,1002,11:27,11.05,18.3,1001.9,11:35,10.22,17.8,1001.9,12:09,10.1,18.3,1001.8,90,90,0.09,,44.934,,,,,
Porter,,6/13/18,Golf_Ball,18.3,R,10.27,10.22,10.4,2,12:33,10.66,21.1,1002,13:10,11.26,22.3,1001.6,13:20,10.8,21.4,1001.5,14:22,10.46,21.8,1001,90,90,0.09,,39.461,,,,,
Porter,,6/13/18,Golf_Ball,18.3,R,10.27,10.22,10.4,3,12:35,10.76,21,1001.9,13:14,11.78,21.6,1001.5,13:21,10.74,21.3,1001.5,14:27,10.32,21.8,1000.9,170,170,0.17,,59.588,,,,,
Porter,,6/13/18,Golf_Ball,18.3,P,10.27,10.22,10.4,11,12:36,10.8,20.9,1002,13:15,11.48,21.4,1001.5,13:23,10.77,21.3,1001.5,14:28,10.46,21.7,1000.9,155,155,0.155,,45.214,,,,,
Porter,,6/13/18,Golf_Ball,18.3,P,10.27,10.22,10.4,14,12:37,10.8,20.9,1002,13:16,11.46,21.4,1001.6,13:25,10.79,21.2,1001.5,14:30,10.5,21.8,1001,220,220,0.22,,47.516,,,,,
Porter,,6/13/18,Waterfall,18.4,R,9.65,8.77,6.5,4,12:56,10.37,20.8,1002,13:37,10.57,21.8,1001.6,14:04,10.23,22.2,1001.5,14:48,10.05,23,1001.1,120,120,0.12,low do zone in pool,63.748,,,,,
Porter,,6/13/18,Waterfall,18.4,R,9.65,8.77,6.5,6,12:57,10.41,20.8,1002,13:40,10.79,21.9,1001.7,13:50,10.33,21.8,1001.6,14:51,10.08,22.9,1001.1,90,90,0.09,,38.238,,,,,
Porter,,6/13/18,Waterfall,18.4,P,9.65,8.77,6.5,10,12:58,10.43,20.7,1002,13:42,10.78,21.8,1001.7,13:52,10.3,21.9,1001.6,14:52,10.07,22.8,1001.1,120,120,0.12,,40.891,,,,,
Porter,,6/13/18,Waterfall,18.4,P,9.65,8.77,6.5,12,12:59,10.42,20.7,1002,13:43,11.37,22,1001.6,13:53,10.32,21.9,1001.6,14:53,9.61,22.9,1001.1,235,235,0.235,a lot of cyanos were still on the rock evn after vigorous scrubbing,64.133,,,,,
Elder,,7/11/18,Rockrose,18.4,R,9.29,9.34,9.37,1,12:57,9.37,17.5,959.1,13:59,9.58,17.9,958.8,10:43,9.44,15.1,961.1,11:44,8.93,16.9,960.7,245,245,0.245,,72.541,,,,,
Elder ,,7/11/18,Rockrose,18.4,R,9.29,9.34,9.37,7,9:34,9.36,14.8,961.5,10:38,9.65,15.4,961.1,10:44,9.43,15.1,961.1,11:46,9.07,16.3,960.7,130,130,0.13,,44.703,,,,,
Elder ,,7/11/18,Rockrose,18.4,P,9.29,9.34,9.37,8,9:35,9.37,14.8,961.5,10:39,9.66,15.2,961.1,10:45,9.42,15.1,961.1,11.46,9.12,16.2,960.7,110,110,0.11,,48.248,,,,,
Elder ,,7/11/18,Rockrose,18.4,P,9.29,9.34,9.37,9,9:36,9.4,14.7,961.5,10:40,9.88,15.1,961,10:47,9.43,15.1,961.1,11:47,9.12,16.1,960.7,310,310,0.31,,126.804,,,,,
Elder ,,7/11/18,Brandywine,18.3,R,9.27,9.35,9.35,2,9:52,9.38,15,960.9,10:54,9.38,16,960.6,10:59,9.4,15.5,960.5,12:02,9.22,16.3,960.2,85,85,0.085,,85.769,,,,,
Elder ,,7/11/18,Brandywine,18.3,R,9.27,9.35,9.35,4,9:53,9.39,14.8,960.9,10:56,9.49,15.4,960.5,11:00,9.43,15.4,960.5,12:04,9.2,16.2,960.2,135,135,0.135,,81.026,,,,,
Elder ,,7/11/18,Brandywine,18.3,P,9.27,9.35,9.35,5,9:54,9.41,14.8,960.9,10:57,9.46,15.4,960.6,11:00,9.43,15.4,960.6,12:05,9.27,16.2,960.2,185,185,0.185,,98.762,,,,,
Elder ,,7/11/18,Brandywine,18.3,P,9.27,9.35,9.35,13,9:55,9.39,14.8,960.9,10:57,9.44,15.4,960.5,11:02,9.43,15.4,960.6,12.05,9.3,16.2,960.3,185,185,0.185,,66.928,,,,,
Elder ,,7/11/18,Oak_Terrace,18.2,R,9.54,9.57,9.58,3,10:12,9.37,15.4,960.4,11:09,9.57,16.1,960.1,11:16,9.52,15.3,960.1,12:20,9.26,16.6,959.9,110,110,0.11,,53.972,,,,,
Elder ,,7/11/18,Oak_Terrace,18.2,R,9.54,9.57,9.58,6,10:14,9.5,14.8,960.4,11:11,9.62,16.6,960,11:21,9.53,15.2,960,12:21,9.35,16.3,959.9,290,290,0.29,,77.09,,,,,
Elder ,,7/11/18,Oak_Terrace,18.2,P,9.54,9.57,9.58,12,10:20,9.52,14.7,960.4,11:12,9.53,15.9,960,11:18,9.51,15.1,960,12:21,9.36,16,959.8,90,90,0.09,,49.294,,,,,
Elder ,,7/11/18,Oak_Terrace,18.2,P,9.54,9.57,9.58,15,10:18,9.52,14.7,960.4,11:13,9.69,15.6,960,11:19,9.53,15.1,960,12:22,9.34,15.9,959.8,145,145,0.145,,117.82,,,,,
Elder ,,7/11/18,TV_Pool,18.1,R,9.42,9.43,9.42,10,13:00,9.51,16.3,959,14:00,9.65,17.8,958.7,14:11,9.17,17.9,958.7,15:12,8.43,19.5,958.5,160,160,0.16,,78.277,,,,,
Elder ,,7/11/18,TV_Pool,18.1,R,9.42,9.43,9.42,11,13:03,9.49,16,959,14:02,9:42,18.4,958.7,14:12,9.27,17.3,958.7,15:13,8.98,18.6,958.4,180,180,0.18,,56.358,,,,,
Elder ,,7/11/18,TV_Pool,18.1,P,9.42,9.43,9.42,14,13:04,9.48,16,959,14:04,9.62,17.8,958.7,14:14,9.3,17.2,958.7,15:14,9.05,18.4,958.3,105,105,0.105,,72.634,,,,,
Elder ,,7/11/18,TV_Pool,18.1,P,9.42,9.43,9.42,16,13:06,9.53,16,959,14:05,10.04,17.8,958.7,14:15,9.3,17.1,958.7,15:14,9.06,18.3,958.3,230,230,0.23,,63.081,,,,,
Porter,,7/13/18,Frog_Legs,18.1,R,7.11,8.72,7.7,3,10:28,7.67,18.1,1010.1,10:59,8.34,18.7,1010.5,11:03,8,18.2,1010.5,11:38,7.86,18.6,1010.3,125,125,0.125,overcast sky,57.488,,,,,
Porter,,7/13/18,Frog_Legs,18.1,R,7.11,8.72,7.7,4,10:26,7.72,18.2,1010.1,11:00,8.24,18.4,1010.4,11:04,7.97,18.2,1010.5,11:41,7.9,18.5,1010.4,110,110,0.11,overcast sky,40.745,,,,,
Porter,,7/13/18,Frog_Legs,18.1,P,7.11,8.72,7.7,14,10:29,7.78,18.1,1010.1,11:01,8.35,18.3,1010.5,11:04,7.95,18.2,1010.5,11:41,7.75,18.4,1010.3,205,205,0.205,overcast sky,58.075,,,,,
Porter,,7/13/18,Frog_Legs,18.1,P,7.11,8.72,7.7,15,10:27,7.73,18.1,1010.1,11:01,8.42,18.2,1010.4,11:05,7.94,18.2,1010.5,11:42,7.77,18.5,1010.3,120,120,0.12,overcast sky,58.572,,,,,
Porter,,7/13/18,Jesus_Toast,18.2,R,8.43,8.64,8.47,1,10:48,7.98,18.3,1010.7,11:19,8.86,18.4,1010.8,11:25,8.19,18.2,1010.9,12:01,8.02,18.6,1010.6,110,110,0.11,overcast sky,50.392,,,,,
Porter,,7/13/18,Jesus_Toast,18.2,R,8.43,8.64,8.47,8,10:48,7.95,18.1,1010.7,11:21,9.96,18.5,1010.9,11:26,8.14,18.1,1010.9,12:03,8.04,18.6,1010.6,200,200,0.2,"overcast sky, lost a few drops when scrubbing, clado present",70.736,,,,,
Porter,,7/13/18,Jesus_Toast,18.2,P,8.43,8.64,8.47,9,10:49,7.95,18.1,1010.7,11:22,9.6,18.5,1010.9,11:26,8.09,18.1,1010.8,12:04,7.94,18.5,1010.6,160,160,0.16,overcast sky,57.975,,,,,
Porter,,7/13/18,Jesus_Toast,18.2,P,8.43,8.64,8.47,10,10:50,7.94,18,1010.8,11:23,9.32,18.4,1010.9,11:27,8.08,18.1,1010.9,12:05,7.93,18.6,1010.5,225,225,0.225,"overcast sky, spilled few drops",54.981,,,,,
Porter,,7/13/18,Golf_Ball,18.3,R,11.02,11.29,10.07,2,12:50,10.49,19.8,1010.5,13:27,11.54,20.3,1010.3,13:35,10.96,20.5,1010.3,14:13,10.52,20.8,1009.9,110,110,0.11,overcast sky,42.396,,,,,
Porter,,7/13/18,Golf_Ball,18.3,R,11.02,11.29,10.07,5,12:47,10.65,20.2,1010.5,13:31,11.91,20.6,1010.3,13:36,10.95,20.5,1010.3,14:16,10.52,20.9,1009.9,140,140,0.14,overcast sky,49.738,,,,,
Porter,,7/13/18,Golf_Ball,18.3,P,11.02,11.29,10.07,11,12:48,10.67,20.1,1010.5,13:32,11.53,20.4,1010.3,13:37,10.91,20.4,1010.2,14:17,10.56,20.8,1009.9,195,195,0.195,overcast sky,78.479,,,,,
Porter,,7/13/18,Golf_Ball,18.3,P,11.02,11.29,10.07,16,12:49,10.67,20,1010.5,13:33,11.92,20.5,1010.3,13.38,10.9,20.4,1010.2,14:18,10.53,20.9,1009.9,110,110,0.11,"overcast sky, couldnâ€™t scrub some nostoc off",52.689,,,,,
Porter,,7/13/18,Waterfall,18.4,R,7.02,7.35,8.44,6,13:14,6.86,19.4,1010.8,13:51,8.06,20.3,1010.5,13:56,7.28,19.8,1010.3,14:30,7.12,20.4,1010.1,120,120,0.12,overcast sky,41.254,,,,,
Porter,,7/13/18,Waterfall,18.4,R,7.02,7.35,8.44,7,13:10,6.86,19.5,1010.7,13:53,8.52,20,1010.4,13:57,7.26,19.7,1010.4,14:32,7.03,19.8,1010.1,220,220,0.22,overcast sky,85.597,,,,,
Porter,,7/13/18,Waterfall,18.4,P,7.02,7.35,8.44,12,13:14,6.64,19.3,1010.8,13:54,8.13,19.9,1010.4,13:58,6.87,19.7,1010.4,14:33,6.93,19.9,1010.1,90,90,0.09,"overcast sky, also possible leakage of incubation chamber",46.018,,,,,
Porter,,7/13/18,Waterfall,18.4,P,7.02,7.35,8.44,13,13:12,6.72,19.3,1010.7,13:54,7.79,19.8,1010.4,13:59,6.79,19.7,1010.4,14:37,6.83,20,1010.1,130,130,0.13,overcast sky,51.56,,,,,
Elder,,8/6/18,Rockrose,18.4,R,9.47,9.5,9.49,4,10:02,9.57,14.3,966.8,11:09,9.76,15.5,966.4,11:17,9.53,15.1,966.4,12:25,9.15,16.5,966,135,135,0.135,,37.422,,,,,
Elder ,,8/6/18,Rockrose,18.4,R,9.47,9.5,9.49,5,10:13,9.56,14.3,966.8,11:10,9.66,15,966.4,11:18,9.54,14.9,966.5,12:25,9.3,16.2,966.1,35,35,0.035,,26.877,,,,,
Elder ,,8/6/18,Rockrose,18.4,P,9.47,9.5,9.49,6,10:15,9.57,14.3,966.8,11:11,9.82,14.9,966.4,10:19,9.47,15,966.4,12:26,9.36,16,966.1,135,135,0.135,,47.136,,,,,
Elder ,,8/6/18,Rockrose,18.4,P,9.47,9.5,9.49,10,10:19,9.56,14.4,966.7,11:12,10.33,14.9,966.4,11:20,9.54,14.9,966.4,12:26,9.33,15.9,966.1,225,225,0.225,,74.757,,,,,
Elder ,,8/6/18,Brandywine,18.3,R,9.46,9.51,9.52,1,10:37,9.54,15,966.2,11:26,9.64,15.4,966,11:37,9.57,15.5,965.9,12:38,9.44,16.2,965.5,65,65,0.065,,35.422,,,,,
Elder ,,8/6/18,Brandywine,18.3,R,9.46,9.51,9.52,11,10:38,9.62,14.7,966.2,11:28,9.71,15.2,966,11:39,9.64,15.3,965.9,12:40,9.5,16,965.5,80,80,0.08,,33.465,,,,,
Elder ,,8/6/18,Brandywine,18.3,P,9.46,9.51,9.52,12,10:38,9.65,14.6,966.2,11:30,9.66,15.4,966,11:40,9.62,15.3,965.9,12:40,9.48,16,965.5,130,130,0.13,,39.99,,,,,
Elder ,,8/6/18,Brandywine,18.3,P,9.46,9.51,9.52,14,10:39,9.65,14.6,966.3,11:33,9.66,15.4,966,11:40,9.64,15.3,965.9,12:41,9.53,16,965.5,55,55,0.055,,40.21,,,,,
Elder ,,8/6/18,Oak_Terrace,18.2,R,9.72,9.76,9.78,2,10:56,9.62,14.7,965.8,11:54,11.04,16.2,965.4,12:01,9.97,15.5,965.3,13.09,9.95,16.6,965,245,245,0.245,,85.131,,,,,
Elder ,,8/6/18,Oak_Terrace,18.2,R,9.72,9.76,9.78,3,10:56,9.64,14.5,965.7,11:57,10.27,16.1,965.3,12:02,10,15.5,965.3,13:07,9.69,16.9,964.9,150,150,0.15,,42.241,,,,,
Elder ,,8/6/18,Oak_Terrace,18.2,P,9.72,9.76,9.78,7,10:57,9.68,14.5,965.6,11:57,10.03,15.8,965.4,12:03,10.02,15.5,965.3,13:10,9.74,16.6,965,90,90,0.09,,47.432,,,,,
Elder ,,8/6/18,Oak_Terrace,18.2,P,9.72,9.76,9.78,9,10:57,9.67,14.4,965.7,11:58,10.16,15.9,965.4,12.05,10.01,15.5,965.3,13:11,9.74,16.3,964.9,170,170,0.17,,64.169,,,,,
Elder ,,8/6/18,TV_Pool,18.1,R,9.3,9.33,9.33,8,13:57,9.48,16.8,964.1,15:07,9.52,17,964.1,15:22,9.36,16.9,964.1,16:34,9.19,17.2,964,80,80,0.08,water in chamber was slightly silty,49.351,,,,,
Elder ,,8/6/18,TV_Pool,18.1,R,9.3,9.33,9.33,13,14:00,9.58,16.3,964.1,15:13,9.63,17,964.1,15:25,9.37,16.9,964.1,16:35,9.22,17.1,964,120,120,0.12,water in chamber was slightly silty,35.416,,,,,
Elder ,,8/6/18,TV_Pool,18.1,P,9.3,9.33,9.33,15,14:06,9.55,16.3,964.1,15:14,9.61,17,964.1,15:26,9.33,16.9,964.1,16:37,9.23,17.1,964,65,65,0.065,water in chamber was slightly silty,37.54,,,,,
Elder ,,8/6/18,TV_Pool,18.1,P,9.3,9.33,9.33,16,14:04,9.59,16.2,964.1,15:16,9.48,17,964.1,15:28,9.35,16.9,964.1,16:38,9.25,17.1,964,85,85,0.085,water in chamber was slightly silty,49.794,,,,,
Porter,,8/8/18,Frog_Legs,18.1,P,3.94,3.35,2.23,8,10:41,4.32,16.7,1006.6,11:18,6.1,20.2,1006.3,11:24,4.86,17.3,1006.3,12:22,5.14,18.2,1006.1,200,200,0.2,no riffle cobbs. large rock probs did notnseal all the way and therefore weird reading ,83.253,,,,,
Porter,,8/8/18,Frog_Legs,18.1,P,3.94,3.35,2.23,15,10:42,4.35,16.7,1006.5,11:20,5.95,18.1,1006.2,11:26,4.66,17.1,1006.3,12:26,4.66,18,1006.1,150,150,0.15,no riffle cobbs  ,56.296,,,,,
Porter,,8/8/18,Jesus_Toast,18.2,P,7.83,7.95,7.93,11,11:06,8.7,17.6,1006.8,11:46,9.87,18.8,1006.7,11:50,9.03,17.7,1006.6,12:48,8.54,19,1006.2,200,200,0.2,no riffle cobbs  ,50.797,,,,,
Porter,,8/8/18,Jesus_Toast,18.2,P,7.83,7.95,7.93,13,11:07,8.65,17.1,1006.8,11:47,9.43,17.9,1006.7,11:53,8.93,17.7,1006.6,12:49,8.83,18.7,1006.2,75,75,0.075,no riffle cobbs  ,31.513,,,,,
Porter,,8/8/18,Golf_Ball,18.3,P,6,5.78,5.72,1,13:34,6.37,18.9,1006.2,14:29,6.94,18.9,1005.7,14:38,6.85,18.5,1005.6,15:15,6.73,19.3,1005.1,120,120,0.12,no riffle cobbs  ,28.475,,,,,
Porter,,8/8/18,Golf_Ball,18.3,P,6,5.78,5.72,16,13:35,6.24,17.9,1006.2,14:32,6.98,18.1,1005.6,14:40,6.69,18.2,1005.6,15:16,6.5,18.4,1005.1,145,145,0.145,no riffle cobbs  ,45.319,,,,,
Porter,,8/8/18,Waterfall,18.4,P,9.41,9.37,9.22,10,14:09,9.46,21.5,1006.4,14:52,10.15,21.8,1005.8,14:58,9.7,21.3,1005.6,15:31,9.16,21,1005.3,190,190,0.19,no riffle cobbs  ,54.985,,,,,
Porter,,8/8/18,Waterfall,18.4,P,9.41,9.37,9.22,12,14:11,9.46,20.9,1006.3,14:55,10.9,21.3,1005.7,14:59,9.86,21.1,1005.6,15:32,9.33,20.9,1005.3,240,240,0.24,no riffle cobbs  ,66.613,,,,,